{
  "images" : [
    {
      "idiom" : "universal",
      "filename" : "bouteille-de-vin-de-champagne-aliments-boissons-88894.png",
      "scale" : "1x"
    },
    {
      "idiom" : "universal",
      "filename" : "bouteille-de-vin-de-champagne-aliments-boissons-88894@2x.png",
      "scale" : "2x"
    },
    {
      "idiom" : "universal",
      "filename" : "bouteille-de-vin-de-champagne-aliments-boissons-88894@3x.png",
      "scale" : "3x"
    }
  ],
  "info" : {
    "version" : 1,
    "author" : "xcode"
  }
}